min,max
0.999999999999963,2436.0
10168.0,25451.0
9788.6554910284,25419.90353150514
0.0,804.0
0.0,2026.0
0.0,2177.0
0.0,1783.0
0.0,10285.0
0.0,1936.0
-199.0,445.0
43.03,5025.0
43.19,970.0
43.0,2892.0
